{
  "data": [
    [
      [
        1,
        null,
        0,
        0.0
      ],
      [
        2147483647.0,
        0.0030820369720458984,
        {
          "__enum__": "StatusType.CRASHED"
        },
        1700579521.0276785,
        1700579521.03078,
        {}
      ]
    ]
  ],
  "config_origins": {
    "1": "Default"
  },
  "configs": {
    "1": {
      "hesbo_0": 0.0,
      "hesbo_1": 0.0,
      "hesbo_10": 0.0,
      "hesbo_11": 0.0,
      "hesbo_12": 0.0,
      "hesbo_13": 0.0,
      "hesbo_14": 0.0,
      "hesbo_15": 0.0,
      "hesbo_2": 0.0,
      "hesbo_3": 0.0,
      "hesbo_4": 0.0,
      "hesbo_5": 0.0,
      "hesbo_6": 0.0,
      "hesbo_7": 0.0,
      "hesbo_8": 0.0,
      "hesbo_9": 0.0
    }
  }
}