{"cpu_time": 0.0, "wallclock_time": 0.0008938312530517578, "evaluations": 0, "cost": 2147483648.0, "incumbent": {"hesbo_0": 0.0, "hesbo_1": 0.0, "hesbo_10": 0.0, "hesbo_11": 0.0, "hesbo_12": 0.0, "hesbo_13": 0.0, "hesbo_14": 0.0, "hesbo_15": 0.0, "hesbo_2": 0.0, "hesbo_3": 0.0, "hesbo_4": 0.0, "hesbo_5": 0.0, "hesbo_6": 0.0, "hesbo_7": 0.0, "hesbo_8": 0.0, "hesbo_9": 0.0}, "budget": 0, "origin": "Default"}
{"cpu_time": 0.010638713836669922, "wallclock_time": 0.014278888702392578, "evaluations": 1, "cost": -66.653, "incumbent": {"hesbo_0": 0.0, "hesbo_1": 0.0, "hesbo_10": 0.0, "hesbo_11": 0.0, "hesbo_12": 0.0, "hesbo_13": 0.0, "hesbo_14": 0.0, "hesbo_15": 0.0, "hesbo_2": 0.0, "hesbo_3": 0.0, "hesbo_4": 0.0, "hesbo_5": 0.0, "hesbo_6": 0.0, "hesbo_7": 0.0, "hesbo_8": 0.0, "hesbo_9": 0.0}, "budget": 0, "origin": "Default"}
{"cpu_time": 0.0329279899597168, "wallclock_time": 5.053906440734863, "evaluations": 4, "cost": -376.04, "incumbent": {"hesbo_0": -0.13325538214147992, "hesbo_1": -0.076353944780708, "hesbo_10": 0.4356882646436757, "hesbo_11": 0.11677602520638874, "hesbo_12": 0.6617996931892085, "hesbo_13": -0.17498772766035087, "hesbo_14": 0.564150803649206, "hesbo_15": 0.048474568890019, "hesbo_2": 0.3853997174090873, "hesbo_3": 0.055724704719913865, "hesbo_4": 0.8320732672613604, "hesbo_5": 0.43943343636502674, "hesbo_6": -0.8164031845925372, "hesbo_7": -0.8984815080997186, "hesbo_8": 0.1788322008791563, "hesbo_9": 0.27204481779316025}, "budget": 0, "origin": "Random Search (sorted)"}
{"cpu_time": 0.08801054954528809, "wallclock_time": 19.155178785324097, "evaluations": 12, "cost": -400.0097, "incumbent": {"hesbo_0": 0.7508118329013649, "hesbo_1": -0.968579247398667, "hesbo_10": 0.4050934374188524, "hesbo_11": 0.14429816966453268, "hesbo_12": 0.6199258616018315, "hesbo_13": -0.6419725584081051, "hesbo_14": 0.3694460801755872, "hesbo_15": -0.9553734984046616, "hesbo_2": 0.5624231466134506, "hesbo_3": -0.8348779398423538, "hesbo_4": -0.17265809668946552, "hesbo_5": 0.7125400014950931, "hesbo_6": -0.7294442489333552, "hesbo_7": 0.9750385292078068, "hesbo_8": 0.8419232802340468, "hesbo_9": 0.4048787091222079}, "budget": 0, "origin": "Local Search"}
