{"cpu_time": 0.0, "wallclock_time": 0.0006060600280761719, "evaluations": 0, "cost": 2147483648.0, "incumbent": ["hesbo_0='0.0'", "hesbo_1='0.0'", "hesbo_10='0.0'", "hesbo_11='0.0'", "hesbo_12='0.0'", "hesbo_13='0.0'", "hesbo_14='0.0'", "hesbo_15='0.0'", "hesbo_2='0.0'", "hesbo_3='0.0'", "hesbo_4='0.0'", "hesbo_5='0.0'", "hesbo_6='0.0'", "hesbo_7='0.0'", "hesbo_8='0.0'", "hesbo_9='0.0'"], "origin": "Default"}
{"cpu_time": 0.01352548599243164, "wallclock_time": 0.016791582107543945, "evaluations": 1, "cost": -66.653, "incumbent": ["hesbo_0='0.0'", "hesbo_1='0.0'", "hesbo_10='0.0'", "hesbo_11='0.0'", "hesbo_12='0.0'", "hesbo_13='0.0'", "hesbo_14='0.0'", "hesbo_15='0.0'", "hesbo_2='0.0'", "hesbo_3='0.0'", "hesbo_4='0.0'", "hesbo_5='0.0'", "hesbo_6='0.0'", "hesbo_7='0.0'", "hesbo_8='0.0'", "hesbo_9='0.0'"], "origin": "Default"}
{"cpu_time": 0.020649194717407227, "wallclock_time": 1.5423943996429443, "evaluations": 2, "cost": -67.5251, "incumbent": ["hesbo_0='-0.8816880374546217'", "hesbo_1='0.554803230826888'", "hesbo_10='0.39919299467636815'", "hesbo_11='-0.4127389462993134'", "hesbo_12='-0.617066575558427'", "hesbo_13='0.32670662380070725'", "hesbo_14='-0.43564900952504537'", "hesbo_15='0.7867127734202934'", "hesbo_2='0.3381820269756701'", "hesbo_3='0.36967175826981036'", "hesbo_4='0.3771989166289602'", "hesbo_5='-0.20845794991497368'", "hesbo_6='0.9553356298408795'", "hesbo_7='0.744330486401132'", "hesbo_8='-0.34373234770114225'", "hesbo_9='0.19079123067785964'"], "origin": "Random Search (sorted)"}
{"cpu_time": 0.02674412727355957, "wallclock_time": 1.5522770881652832, "evaluations": 3, "cost": -280.6013, "incumbent": ["hesbo_0='0.7954829896169993'", "hesbo_1='0.14828104027842293'", "hesbo_10='-0.2696572157478543'", "hesbo_11='0.622281246102534'", "hesbo_12='-0.14565743529831665'", "hesbo_13='-0.6867626904989601'", "hesbo_14='0.8806239250433419'", "hesbo_15='-0.13825150910490103'", "hesbo_2='0.9513731683128483'", "hesbo_3='-0.03644035105432941'", "hesbo_4='-0.36546053626184327'", "hesbo_5='0.6239444720640457'", "hesbo_6='-0.8301655119610492'", "hesbo_7='0.9006999169775229'", "hesbo_8='-0.5792483675254811'", "hesbo_9='-0.09989703013349671'"], "origin": "Random Search (sorted)"}
{"cpu_time": 0.046967506408691406, "wallclock_time": 5.653350830078125, "evaluations": 6, "cost": -284.0319, "incumbent": ["hesbo_0='0.7988819245142247'", "hesbo_1='-0.7093868533459862'", "hesbo_10='-0.7370564891056639'", "hesbo_11='0.7407360115039276'", "hesbo_12='0.8125771246032931'", "hesbo_13='-0.9663601844767531'", "hesbo_14='0.5923037233904773'", "hesbo_15='-0.015387047570008638'", "hesbo_2='-0.3401685440965625'", "hesbo_3='-0.7826008292721969'", "hesbo_4='-0.1371990359082611'", "hesbo_5='0.6933823755719344'", "hesbo_6='-0.6081484430579776'", "hesbo_7='-0.5585731256690243'", "hesbo_8='-0.6788561997160791'", "hesbo_9='-0.4160061195860707'"], "origin": "Random Search (sorted)"}
{"cpu_time": 0.0532679557800293, "wallclock_time": 5.6638593673706055, "evaluations": 7, "cost": -347.5348, "incumbent": ["hesbo_0='0.8628533599719925'", "hesbo_1='-0.7342170882596193'", "hesbo_10='-0.8024741272695739'", "hesbo_11='0.5308982861245328'", "hesbo_12='0.024998491330445738'", "hesbo_13='-0.6995315958182877'", "hesbo_14='0.7432419756311837'", "hesbo_15='0.08818728788811958'", "hesbo_2='0.275417825750794'", "hesbo_3='-0.7473073669055275'", "hesbo_4='-0.7634886884273078'", "hesbo_5='-0.7101342962275954'", "hesbo_6='-0.7575940418123761'", "hesbo_7='0.4099881615573795'", "hesbo_8='0.623915653520801'", "hesbo_9='-0.9584555673553259'"], "origin": "Random Search (sorted)"}
{"cpu_time": 0.12896370887756348, "wallclock_time": 26.647695541381836, "evaluations": 18, "cost": -359.4661, "incumbent": ["hesbo_0='0.9191302100179453'", "hesbo_1='-0.848939529775591'", "hesbo_10='-0.7362717709057547'", "hesbo_11='0.6548898454467276'", "hesbo_12='0.024998491330445738'", "hesbo_13='-0.9776871173255628'", "hesbo_14='0.7100271492592944'", "hesbo_15='0.08818728788811958'", "hesbo_2='0.4057383973155877'", "hesbo_3='-0.634375081027581'", "hesbo_4='-0.7709630558260289'", "hesbo_5='-0.7101342962275954'", "hesbo_6='-0.9461414835369005'", "hesbo_7='0.4099881615573795'", "hesbo_8='0.623915653520801'", "hesbo_9='-0.9584555673553259'"], "origin": "Local Search"}
{"cpu_time": 0.1350390911102295, "wallclock_time": 26.6592013835907, "evaluations": 19, "cost": -406.9432, "incumbent": ["hesbo_0='0.8628533599719925'", "hesbo_1='-0.9395505188142997'", "hesbo_10='-0.6897381641585484'", "hesbo_11='0.6631042846475659'", "hesbo_12='0.23839858875012299'", "hesbo_13='-0.9192336883230331'", "hesbo_14='0.6087995586956858'", "hesbo_15='0.17136126604526836'", "hesbo_2='0.22434113284700796'", "hesbo_3='-0.7473073669055275'", "hesbo_4='-0.7494532548802539'", "hesbo_5='-0.803766320308643'", "hesbo_6='-0.9567572961965628'", "hesbo_7='0.5606246414779514'", "hesbo_8='0.7908061952190892'", "hesbo_9='-0.961631717800814'"], "origin": "Local Search"}
{"cpu_time": 0.16858410835266113, "wallclock_time": 32.63330793380737, "evaluations": 24, "cost": -409.4481, "incumbent": ["hesbo_0='0.9515570049402797'", "hesbo_1='-0.9395505188142997'", "hesbo_10='-0.7343038655005539'", "hesbo_11='0.5118428553296335'", "hesbo_12='0.25372165828732784'", "hesbo_13='-0.9192336883230331'", "hesbo_14='0.6440378467128076'", "hesbo_15='0.23705152806619578'", "hesbo_2='0.22434113284700796'", "hesbo_3='-0.702488632385921'", "hesbo_4='-0.7422279144298793'", "hesbo_5='-0.803766320308643'", "hesbo_6='-0.9567572961965628'", "hesbo_7='0.5234807359705687'", "hesbo_8='0.5465458623894006'", "hesbo_9='-0.961631717800814'"], "origin": "Local Search"}
{"cpu_time": 0.18156886100769043, "wallclock_time": 35.36526370048523, "evaluations": 26, "cost": -422.6546, "incumbent": ["hesbo_0='0.9486265537399026'", "hesbo_1='-0.9395505188142997'", "hesbo_10='-0.7698638633189189'", "hesbo_11='0.2976215784298444'", "hesbo_12='0.37002393869671346'", "hesbo_13='-0.9192336883230331'", "hesbo_14='0.6948040570731708'", "hesbo_15='0.23705152806619578'", "hesbo_2='0.22434113284700796'", "hesbo_3='-0.702488632385921'", "hesbo_4='-0.43431949477142984'", "hesbo_5='-0.9692196501392651'", "hesbo_6='-0.9567572961965628'", "hesbo_7='0.5030744415366653'", "hesbo_8='0.6408960534252688'", "hesbo_9='-0.961631717800814'"], "origin": "Local Search"}
{"cpu_time": 0.2293262481689453, "wallclock_time": 50.83698081970215, "evaluations": 33, "cost": -423.9681, "incumbent": ["hesbo_0='0.9000515760048229'", "hesbo_1='-0.999526748242701'", "hesbo_10='-0.7122185828245937'", "hesbo_11='0.056594893971794624'", "hesbo_12='-0.1571743733958244'", "hesbo_13='-0.905698532177027'", "hesbo_14='0.6520642404477821'", "hesbo_15='0.08818728788811958'", "hesbo_2='0.17501589995613198'", "hesbo_3='-0.3898025749761167'", "hesbo_4='-0.1862722967809578'", "hesbo_5='-0.7971980552498665'", "hesbo_6='-0.9461414835369005'", "hesbo_7='0.6215825973143974'", "hesbo_8='0.5596787916414978'", "hesbo_9='-0.8572575669194336'"], "origin": "Local Search"}
{"cpu_time": 0.2703206539154053, "wallclock_time": 66.93910527229309, "evaluations": 39, "cost": -430.9742, "incumbent": ["hesbo_0='0.9000515760048229'", "hesbo_1='-0.999526748242701'", "hesbo_10='-0.7122185828245937'", "hesbo_11='0.056594893971794624'", "hesbo_12='-0.1571743733958244'", "hesbo_13='-0.905698532177027'", "hesbo_14='0.6520642404477821'", "hesbo_15='0.06104245068102099'", "hesbo_2='0.17501589995613198'", "hesbo_3='-0.23362404352441102'", "hesbo_4='-0.05923348606778567'", "hesbo_5='-0.7878995575466106'", "hesbo_6='-0.9822806114545178'", "hesbo_7='0.5097410296529463'", "hesbo_8='0.2659858327666216'", "hesbo_9='-0.9472488891743842'"], "origin": "Local Search"}
{"cpu_time": 0.2835574150085449, "wallclock_time": 70.87381362915039, "evaluations": 41, "cost": -441.911,